sgRNA,sequence
GUIDES_sg001_ABCA1,TGGAAAGGACGAAACACCGGTTGACTGGGAGAGAACACGGTTTTAGAGCTAGAAATAGCAAGTTAAAATAAGGC
GUIDES_sg002_ABCA1,TGGAAAGGACGAAACACCGGTGTTCTAAAAGAGAAACACGTTTTAGAGCTAGAAATAGCAAGTTAAAATAAGGC
GUIDES_sg003_ADAMTS6,TGGAAAGGACGAAACACCGGTGCAGTGTCTCTCCTACACGTTTTAGAGCTAGAAATAGCAAGTTAAAATAAGGC
GUIDES_sg004_ADAMTS6,TGGAAAGGACGAAACACCGACCAGTCATGTCCACCACAGGTTTTAGAGCTAGAAATAGCAAGTTAAAATAAGGC
GUIDES_sg005_AFAP1,TGGAAAGGACGAAACACCGCAAGGGTAAAAAGCCCCCCGGTTTTAGAGCTAGAAATAGCAAGTTAAAATAAGGC
GUIDES_sg006_AFAP1,TGGAAAGGACGAAACACCGGGAAAGAAAAGACCTTCGAGGTTTTAGAGCTAGAAATAGCAAGTTAAAATAAGGC
GUIDES_sg007_ALDH9A1,TGGAAAGGACGAAACACCGCAACTATAACGTCAGCCCAGGTTTTAGAGCTAGAAATAGCAAGTTAAAATAAGGC
GUIDES_sg008_ALDH9A1,TGGAAAGGACGAAACACCGTATGAACAATGCTGTAAAGGGTTTTAGAGCTAGAAATAGCAAGTTAAAATAAGGC
GUIDES_sg009_ANAPC1,TGGAAAGGACGAAACACCGGTGCTGTGAGCTGGGAAGTGGTTTTAGAGCTAGAAATAGCAAGTTAAAATAAGGC
GUIDES_sg010_ANAPC1,TGGAAAGGACGAAACACCGATGGCTCTTCCTGTAGGACGGTTTTAGAGCTAGAAATAGCAAGTTAAAATAAGGC
GUIDES_sg011_ANGPT1,TGGAAAGGACGAAACACCGCCCCAGCCAATATTCACCGGGTTTTAGAGCTAGAAATAGCAAGTTAAAATAAGGC
GUIDES_sg012_ANGPT1,TGGAAAGGACGAAACACCGAATATGGATGTCAATGGGGGGTTTTAGAGCTAGAAATAGCAAGTTAAAATAAGGC
GUIDES_sg013_ANGPT2,TGGAAAGGACGAAACACCGTAACGTGTAGATGCCATTCGGTTTTAGAGCTAGAAATAGCAAGTTAAAATAAGGC
GUIDES_sg014_ANGPT2,TGGAAAGGACGAAACACCGTGTGACATGGAAGCTGGAGGGTTTTAGAGCTAGAAATAGCAAGTTAAAATAAGGC
GUIDES_sg015_ANGPTL2,TGGAAAGGACGAAACACCGACTCGCTCTCAGGTTCCAGGGTTTTAGAGCTAGAAATAGCAAGTTAAAATAAGGC
GUIDES_sg016_ANGPTL2,TGGAAAGGACGAAACACCGCACCAGCATGTCACGCACAGGTTTTAGAGCTAGAAATAGCAAGTTAAAATAAGGC
GUIDES_sg017_ANKH,TGGAAAGGACGAAACACCGCTTTGTGGGAGAATCCACCAGTTTTAGAGCTAGAAATAGCAAGTTAAAATAAGGC
GUIDES_sg018_ANKH,TGGAAAGGACGAAACACCGTGAGGGCGCATCTCACCGGGGTTTTAGAGCTAGAAATAGCAAGTTAAAATAAGGC
GUIDES_sg019_ANTXR1,TGGAAAGGACGAAACACCGCTTCCGACATGCCCGCAACGGTTTTAGAGCTAGAAATAGCAAGTTAAAATAAGGC
GUIDES_sg020_ANTXR1,TGGAAAGGACGAAACACCGCAGAACTGGAGATAAAAGAGGTTTTAGAGCTAGAAATAGCAAGTTAAAATAAGGC
GUIDES_sg021_ARHGEF12,TGGAAAGGACGAAACACCGCTGCTGGACCAGAAATTCGGGTTTTAGAGCTAGAAATAGCAAGTTAAAATAAGGC
GUIDES_sg022_ARHGEF12,TGGAAAGGACGAAACACCGTCTCTGGGGTCATAATCATGGTTTTAGAGCTAGAAATAGCAAGTTAAAATAAGGC
GUIDES_sg023_ATXN2,TGGAAAGGACGAAACACCGTACCAAATATGCCCCAACAGGTTTTAGAGCTAGAAATAGCAAGTTAAAATAAGGC
GUIDES_sg024_ATXN2,TGGAAAGGACGAAACACCGATTACAGGACTATAGACATGGTTTTAGAGCTAGAAATAGCAAGTTAAAATAAGGC
GUIDES_sg025_BCAS3,TGGAAAGGACGAAACACCGATGGGCCCAGGACTTCCAGGGTTTTAGAGCTAGAAATAGCAAGTTAAAATAAGGC
GUIDES_sg026_BCAS3,TGGAAAGGACGAAACACCGTGAACTGGATGAGATAACTGGTTTTAGAGCTAGAAATAGCAAGTTAAAATAAGGC
GUIDES_sg027_CAPZA1,TGGAAAGGACGAAACACCGAGTTTTTAGGCTGAAACTGGGTTTTAGAGCTAGAAATAGCAAGTTAAAATAAGGC
GUIDES_sg028_CAPZA1,TGGAAAGGACGAAACACCGGGAATAATGGTCTTTCACATGTTTTAGAGCTAGAAATAGCAAGTTAAAATAAGGC
GUIDES_sg029_CAV1,TGGAAAGGACGAAACACCGTAAACACCTCAACGATGACGGTTTTAGAGCTAGAAATAGCAAGTTAAAATAAGGC
GUIDES_sg030_CAV1,TGGAAAGGACGAAACACCGTGGGGGCAAATACGTAGACTGTTTTAGAGCTAGAAATAGCAAGTTAAAATAAGGC
GUIDES_sg031_CAV2,TGGAAAGGACGAAACACCGGATGTGCAGACAGCTGAGGGGTTTTAGAGCTAGAAATAGCAAGTTAAAATAAGGC
GUIDES_sg032_CAV2,TGGAAAGGACGAAACACCGCGGCGTACTCGAGGCCGCTGGTTTTAGAGCTAGAAATAGCAAGTTAAAATAAGGC
GUIDES_sg033_CDH11,TGGAAAGGACGAAACACCGTCAGGAAGCCAAAGTCCCAGGTTTTAGAGCTAGAAATAGCAAGTTAAAATAAGGC
GUIDES_sg034_CDH11,TGGAAAGGACGAAACACCGGGATTGTGAATGATTTCAGGGTTTTAGAGCTAGAAATAGCAAGTTAAAATAAGGC
GUIDES_sg035_COL24A1,TGGAAAGGACGAAACACCGGGGTTATCTCGTGTGCCAAGGTTTTAGAGCTAGAAATAGCAAGTTAAAATAAGGC
GUIDES_sg036_COL24A1,TGGAAAGGACGAAACACCGGAAATTGCAGAAAACCTCAAGTTTTAGAGCTAGAAATAGCAAGTTAAAATAAGGC
GUIDES_sg037_CTTNBP2,TGGAAAGGACGAAACACCGAAGCGGCCAGACTTCCTGCGGTTTTAGAGCTAGAAATAGCAAGTTAAAATAAGGC
GUIDES_sg038_CTTNBP2,TGGAAAGGACGAAACACCGGCCAGGTTGTCTTTTCACAGGTTTTAGAGCTAGAAATAGCAAGTTAAAATAAGGC
GUIDES_sg039_DGKG,TGGAAAGGACGAAACACCGAACATTCCCAGCATGTACGGGTTTTAGAGCTAGAAATAGCAAGTTAAAATAAGGC
GUIDES_sg040_DGKG,TGGAAAGGACGAAACACCGGTACTTTGAATTTGGCACCTGTTTTAGAGCTAGAAATAGCAAGTTAAAATAAGGC
GUIDES_sg041_EFEMP1,TGGAAAGGACGAAACACCGGACCACAAATGAATGCCGGGGTTTTAGAGCTAGAAATAGCAAGTTAAAATAAGGC
GUIDES_sg042_EFEMP1,TGGAAAGGACGAAACACCGTCACCACTTGGTATCCCTGGGTTTTAGAGCTAGAAATAGCAAGTTAAAATAAGGC
GUIDES_sg043_EMCN,TGGAAAGGACGAAACACCGACGCTCTCTTTATCAGACTGGTTTTAGAGCTAGAAATAGCAAGTTAAAATAAGGC
GUIDES_sg044_EMCN,TGGAAAGGACGAAACACCGGTTTTAGAAGGTGATGCATCGTTTTAGAGCTAGAAATAGCAAGTTAAAATAAGGC
GUIDES_sg045_EMID1,TGGAAAGGACGAAACACCGAGGACTCCCAGGGACACCTGGTTTTAGAGCTAGAAATAGCAAGTTAAAATAAGGC
GUIDES_sg046_EMID1,TGGAAAGGACGAAACACCGGCTGCCCAGCAGAGCCTTGGGTTTTAGAGCTAGAAATAGCAAGTTAAAATAAGGC
GUIDES_sg047_ETS1,TGGAAAGGACGAAACACCGGCAGTGGACCAATCCAGCTAGTTTTAGAGCTAGAAATAGCAAGTTAAAATAAGGC
GUIDES_sg048_ETS1,TGGAAAGGACGAAACACCGCACTAAAGAACAGCAACGACGTTTTAGAGCTAGAAATAGCAAGTTAAAATAAGGC
GUIDES_sg049_FBXO32,TGGAAAGGACGAAACACCGATGTTCAGTTGTAGGCACAAGTTTTAGAGCTAGAAATAGCAAGTTAAAATAAGGC
GUIDES_sg050_FBXO32,TGGAAAGGACGAAACACCGAACTTGTCCGATGTTACCCAGTTTTAGAGCTAGAAATAGCAAGTTAAAATAAGGC
GUIDES_sg051_FER,TGGAAAGGACGAAACACCGACAGTTCAGAGAGTGACGTGGTTTTAGAGCTAGAAATAGCAAGTTAAAATAAGGC
GUIDES_sg052_FER,TGGAAAGGACGAAACACCGATGTCTCGTCAAGAGGATGGGTTTTAGAGCTAGAAATAGCAAGTTAAAATAAGGC
GUIDES_sg053_FERMT2,TGGAAAGGACGAAACACCGGCCTGCAGATTAGCCTCCAAGTTTTAGAGCTAGAAATAGCAAGTTAAAATAAGGC
GUIDES_sg054_FERMT2,TGGAAAGGACGAAACACCGCTGAGGTTCATCTGATGAGCGTTTTAGAGCTAGAAATAGCAAGTTAAAATAAGGC
GUIDES_sg055_FMNL2,TGGAAAGGACGAAACACCGGGAGTTCATCCTCAACAATGGTTTTAGAGCTAGAAATAGCAAGTTAAAATAAGGC
GUIDES_sg056_FMNL2,TGGAAAGGACGAAACACCGTTCACAAACCGGACAAAGACGTTTTAGAGCTAGAAATAGCAAGTTAAAATAAGGC
GUIDES_sg057_FNDC3B,TGGAAAGGACGAAACACCGTGTGTACACACTACAGCTGGGTTTTAGAGCTAGAAATAGCAAGTTAAAATAAGGC
GUIDES_sg058_FNDC3B,TGGAAAGGACGAAACACCGGCTCTTCCCAGTTCAGTACAGTTTTAGAGCTAGAAATAGCAAGTTAAAATAAGGC
GUIDES_sg059_GAS7,TGGAAAGGACGAAACACCGGCTGAGCAACAAGACAGAGGGTTTTAGAGCTAGAAATAGCAAGTTAAAATAAGGC
GUIDES_sg060_GAS7,TGGAAAGGACGAAACACCGGCTTGCGAAGGTCGGCAATGGTTTTAGAGCTAGAAATAGCAAGTTAAAATAAGGC
GUIDES_sg061_GNB1L,TGGAAAGGACGAAACACCGGCCCACACTCTCCAAGCACAGTTTTAGAGCTAGAAATAGCAAGTTAAAATAAGGC
GUIDES_sg062_GNB1L,TGGAAAGGACGAAACACCGGCAGGCTCCAGATGTGTACCGTTTTAGAGCTAGAAATAGCAAGTTAAAATAAGGC
GUIDES_sg063_KALRN,TGGAAAGGACGAAACACCGTGAACAGAGAGACTTCTGAGGTTTTAGAGCTAGAAATAGCAAGTTAAAATAAGGC
GUIDES_sg064_KALRN,TGGAAAGGACGAAACACCGCTTCCTGAGATACAGTGAGAGTTTTAGAGCTAGAAATAGCAAGTTAAAATAAGGC
GUIDES_sg065_KREMEN1,TGGAAAGGACGAAACACCGTGATTACTGGAAGTACGGGGGTTTTAGAGCTAGAAATAGCAAGTTAAAATAAGGC
GUIDES_sg066_KREMEN1,TGGAAAGGACGAAACACCGTTACTGGTGCCAGTTAGAGGGTTTTAGAGCTAGAAATAGCAAGTTAAAATAAGGC
GUIDES_sg067_LMO7,TGGAAAGGACGAAACACCGCAGGGACTCGATGATCATGGGTTTTAGAGCTAGAAATAGCAAGTTAAAATAAGGC
GUIDES_sg068_LMO7,TGGAAAGGACGAAACACCGGATCCTGACTTCAGCTCCTGGTTTTAGAGCTAGAAATAGCAAGTTAAAATAAGGC
GUIDES_sg069_LMX1B,TGGAAAGGACGAAACACCGCTTCGACGAGACCTCGAAGGGTTTTAGAGCTAGAAATAGCAAGTTAAAATAAGGC
GUIDES_sg070_LMX1B,TGGAAAGGACGAAACACCGGTGCAAGGGTGACTACGAGAGTTTTAGAGCTAGAAATAGCAAGTTAAAATAAGGC
GUIDES_sg071_ME3,TGGAAAGGACGAAACACCGACGTCTCGGATGGTGCTGAGGTTTTAGAGCTAGAAATAGCAAGTTAAAATAAGGC
GUIDES_sg072_ME3,TGGAAAGGACGAAACACCGAGAGAAAGAAGGTGTACCGAGTTTTAGAGCTAGAAATAGCAAGTTAAAATAAGGC
GUIDES_sg073_MECOM,TGGAAAGGACGAAACACCGTAGTACTTCCCATGTGCCAGGTTTTAGAGCTAGAAATAGCAAGTTAAAATAAGGC
GUIDES_sg074_MECOM,TGGAAAGGACGAAACACCGACTGTGGCAAGATTTTTCCAGTTTTAGAGCTAGAAATAGCAAGTTAAAATAAGGC
GUIDES_sg075_MYOF,TGGAAAGGACGAAACACCGGGACTTCTGCTCAAAGAGGGGTTTTAGAGCTAGAAATAGCAAGTTAAAATAAGGC
GUIDES_sg076_MYOF,TGGAAAGGACGAAACACCGTGCATGGGTTGGTGAACCAGGTTTTAGAGCTAGAAATAGCAAGTTAAAATAAGGC
GUIDES_sg077_PARD3B,TGGAAAGGACGAAACACCGAAAGGTACTCTGAAACATGGGTTTTAGAGCTAGAAATAGCAAGTTAAAATAAGGC
GUIDES_sg078_PARD3B,TGGAAAGGACGAAACACCGTGGTCTCTTTCTGGAGACAGGTTTTAGAGCTAGAAATAGCAAGTTAAAATAAGGC
GUIDES_sg079_PDE7B,TGGAAAGGACGAAACACCGTCTGGGAGATGAGCAAGCAGGTTTTAGAGCTAGAAATAGCAAGTTAAAATAAGGC
GUIDES_sg080_PDE7B,TGGAAAGGACGAAACACCGTCTTTCTGTTGATTACAAAGGTTTTAGAGCTAGAAATAGCAAGTTAAAATAAGGC
GUIDES_sg081_PKHD1,TGGAAAGGACGAAACACCGCGTGAGACTCCAGTCACAGGGTTTTAGAGCTAGAAATAGCAAGTTAAAATAAGGC
GUIDES_sg082_PKHD1,TGGAAAGGACGAAACACCGATGGGATAGCCCCAAGCAGGGTTTTAGAGCTAGAAATAGCAAGTTAAAATAAGGC
GUIDES_sg083_PLEKHA7,TGGAAAGGACGAAACACCGTACTCAGGGGATCACCAGCGGTTTTAGAGCTAGAAATAGCAAGTTAAAATAAGGC
GUIDES_sg084_PLEKHA7,TGGAAAGGACGAAACACCGCCCCGAACTCTACAGCCCAGGTTTTAGAGCTAGAAATAGCAAGTTAAAATAAGGC
GUIDES_sg085_PRSS23,TGGAAAGGACGAAACACCGGCTGCCCACTGCATACACGAGTTTTAGAGCTAGAAATAGCAAGTTAAAATAAGGC
GUIDES_sg086_PRSS23,TGGAAAGGACGAAACACCGAACATCAGTGAAGTTATCCAGTTTTAGAGCTAGAAATAGCAAGTTAAAATAAGGC
GUIDES_sg087_PTPRJ,TGGAAAGGACGAAACACCGCAGTGGTGTCGGGAACACCGGTTTTAGAGCTAGAAATAGCAAGTTAAAATAAGGC
GUIDES_sg088_PTPRJ,TGGAAAGGACGAAACACCGGTTCGGTAAAGGTCCTTGTGGTTTTAGAGCTAGAAATAGCAAGTTAAAATAAGGC
GUIDES_sg089_RALGPS1,TGGAAAGGACGAAACACCGTGGCAAAAAGGTTTCCATCGGTTTTAGAGCTAGAAATAGCAAGTTAAAATAAGGC
GUIDES_sg090_RALGPS1,TGGAAAGGACGAAACACCGCGAAAGAAGATAATTACAAGGTTTTAGAGCTAGAAATAGCAAGTTAAAATAAGGC
GUIDES_sg091_RUNX2,TGGAAAGGACGAAACACCGAGAGGTACCAGATGGGACTGGTTTTAGAGCTAGAAATAGCAAGTTAAAATAAGGC
GUIDES_sg092_RUNX2,TGGAAAGGACGAAACACCGCATGGCGGAAGCATTCTGGAGTTTTAGAGCTAGAAATAGCAAGTTAAAATAAGGC
GUIDES_sg093_SPTBN1,TGGAAAGGACGAAACACCGTGGAATTCCCTACCACAGCGGTTTTAGAGCTAGAAATAGCAAGTTAAAATAAGGC
GUIDES_sg094_SPTBN1,TGGAAAGGACGAAACACCGTCAGTCTTAACCATTCCCATGTTTTAGAGCTAGAAATAGCAAGTTAAAATAAGGC
GUIDES_sg095_TES,TGGAAAGGACGAAACACCGGGGCTGGCTATGATAAACTGGTTTTAGAGCTAGAAATAGCAAGTTAAAATAAGGC
GUIDES_sg096_TES,TGGAAAGGACGAAACACCGCCATGAGTTGTCTCCCAGAGGTTTTAGAGCTAGAAATAGCAAGTTAAAATAAGGC
GUIDES_sg097_TIMP3,TGGAAAGGACGAAACACCGGAAGCTTCCGAGAGTCTCTGGTTTTAGAGCTAGAAATAGCAAGTTAAAATAAGGC
GUIDES_sg098_TIMP3,TGGAAAGGACGAAACACCGCTATGATGGCAAGATGTACAGTTTTAGAGCTAGAAATAGCAAGTTAAAATAAGGC
GUIDES_sg099_TMCO1,TGGAAAGGACGAAACACCGAGTCCTTGGATGTAAGAAAGGTTTTAGAGCTAGAAATAGCAAGTTAAAATAAGGC
GUIDES_sg100_TMCO1,TGGAAAGGACGAAACACCGGAAACAATAACAGAGTCAGCGTTTTAGAGCTAGAAATAGCAAGTTAAAATAAGGC
GUIDES_sg101_TNS1,TGGAAAGGACGAAACACCGAGAGACTTTGAAGTGAACGAGTTTTAGAGCTAGAAATAGCAAGTTAAAATAAGGC
GUIDES_sg102_TNS1,TGGAAAGGACGAAACACCGCAGAAGGTGACAGTGTTGAGGTTTTAGAGCTAGAAATAGCAAGTTAAAATAAGGC
GUIDES_sg103_TRIOBP,TGGAAAGGACGAAACACCGGCCGACTGGTGACCTCATGGGTTTTAGAGCTAGAAATAGCAAGTTAAAATAAGGC
GUIDES_sg104_TRIOBP,TGGAAAGGACGAAACACCGGGGAGCAGGAGGCAGGAACGGTTTTAGAGCTAGAAATAGCAAGTTAAAATAAGGC
GUIDES_sg105_TXNRD2,TGGAAAGGACGAAACACCGTAAACCACTGGAGTTCACGGGTTTTAGAGCTAGAAATAGCAAGTTAAAATAAGGC
GUIDES_sg106_TXNRD2,TGGAAAGGACGAAACACCGTCATCATTGCTACTGGAGGGGTTTTAGAGCTAGAAATAGCAAGTTAAAATAAGGC
GUIDES_sg107_ZNF280D,TGGAAAGGACGAAACACCGGGTGAAGCTCCTGATTGCAGGTTTTAGAGCTAGAAATAGCAAGTTAAAATAAGGC
GUIDES_sg108_ZNF280D,TGGAAAGGACGAAACACCGGAAGAAAGTAAAAGAAGTTGGTTTTAGAGCTAGAAATAGCAAGTTAAAATAAGGC
GUIDES_sg109_ABO,TGGAAAGGACGAAACACCGATGGAGTTCCGCGACCACGTGTTTTAGAGCTAGAAATAGCAAGTTAAAATAAGGC
GUIDES_sg110_ABO,TGGAAAGGACGAAACACCGCCGGTCCCCAGCGTCACGCGGTTTTAGAGCTAGAAATAGCAAGTTAAAATAAGGC
GUIDES_sg111_TEX41,TGGAAAGGACGAAACACCGCCACCTGGTACATCGCCTCAGTTTTAGAGCTAGAAATAGCAAGTTAAAATAAGGC
GUIDES_sg112_TEX41,TGGAAAGGACGAAACACCGAACTCAAGACATTGGAACCAGTTTTAGAGCTAGAAATAGCAAGTTAAAATAAGGC
GUIDES_sg113_CYP1B1,TGGAAAGGACGAAACACCGAATGTGGTAGCCCAAGACAGGTTTTAGAGCTAGAAATAGCAAGTTAAAATAAGGC
GUIDES_sg114_CYP1B1,TGGAAAGGACGAAACACCGGTGGCCACTGATCGGAAACGGTTTTAGAGCTAGAAATAGCAAGTTAAAATAAGGC
GUIDES_sg115_FOXC1,TGGAAAGGACGAAACACCGGCAAGCCATGAGCCTGTACGGTTTTAGAGCTAGAAATAGCAAGTTAAAATAAGGC
GUIDES_sg116_FOXC1,TGGAAAGGACGAAACACCGTCGTCGTCCCTGAGTCACGGGTTTTAGAGCTAGAAATAGCAAGTTAAAATAAGGC
GUIDES_sg117_GMDS,TGGAAAGGACGAAACACCGGATTGTGGTGAACTTCCGTGGTTTTAGAGCTAGAAATAGCAAGTTAAAATAAGGC
GUIDES_sg118_GMDS,TGGAAAGGACGAAACACCGGTTGCAGAATGATGAGCCGGGTTTTAGAGCTAGAAATAGCAAGTTAAAATAAGGC
GUIDES_sg119_LTBP2,TGGAAAGGACGAAACACCGCCTCCCGCACGCGCACACAGGTTTTAGAGCTAGAAATAGCAAGTTAAAATAAGGC
GUIDES_sg120_LTBP2,TGGAAAGGACGAAACACCGCAGGCAGACATAACCAGGCAGTTTTAGAGCTAGAAATAGCAAGTTAAAATAAGGC
GUIDES_sg121_MYOC,TGGAAAGGACGAAACACCGGGTCATACTCAAAAACCTGGGTTTTAGAGCTAGAAATAGCAAGTTAAAATAAGGC
GUIDES_sg122_MYOC,TGGAAAGGACGAAACACCGATGCCAGTATACCTTCAGTGGTTTTAGAGCTAGAAATAGCAAGTTAAAATAAGGC
GUIDES_sg123_TEK,TGGAAAGGACGAAACACCGTCTTGCGAAGGAAGTCCAGAGTTTTAGAGCTAGAAATAGCAAGTTAAAATAAGGC
GUIDES_sg124_TEK,TGGAAAGGACGAAACACCGATCTAATGAGACAATGCTGGGTTTTAGAGCTAGAAATAGCAAGTTAAAATAAGGC
NonTargeting_Human_0001,TGGAAAGGACGAAACACCGACGGAGGCTAAGCGTCGCAAGTTTTAGAGCTAGAAATAGCAAGTTAAAATAAGGC
NonTargeting_Human_0002,TGGAAAGGACGAAACACCGCGCTTCCGCGGCCCGTTCAAGTTTTAGAGCTAGAAATAGCAAGTTAAAATAAGGC
NonTargeting_Human_0003,TGGAAAGGACGAAACACCGATCGTTTCCGCTTAACGGCGGTTTTAGAGCTAGAAATAGCAAGTTAAAATAAGGC
NonTargeting_Human_0004,TGGAAAGGACGAAACACCGGTAGGCGCGCCGCTCTCTACGTTTTAGAGCTAGAAATAGCAAGTTAAAATAAGGC
NonTargeting_Human_0005,TGGAAAGGACGAAACACCGCCATATCGGGGCGAGACATGGTTTTAGAGCTAGAAATAGCAAGTTAAAATAAGGC
NonTargeting_Human_0006,TGGAAAGGACGAAACACCGTACTAACGCCGCTCCTACAGGTTTTAGAGCTAGAAATAGCAAGTTAAAATAAGGC
NonTargeting_Human_0007,TGGAAAGGACGAAACACCGTGAGGATCATGTCGAGCGCCGTTTTAGAGCTAGAAATAGCAAGTTAAAATAAGGC
NonTargeting_Human_0008,TGGAAAGGACGAAACACCGGGGCCCGCATAGGATATCGCGTTTTAGAGCTAGAAATAGCAAGTTAAAATAAGGC
NonTargeting_Human_0009,TGGAAAGGACGAAACACCGTAGACAACCGCGGAGAATGCGTTTTAGAGCTAGAAATAGCAAGTTAAAATAAGGC
NonTargeting_Human_0010,TGGAAAGGACGAAACACCGACGGGCGGCTATCGCTGACTGTTTTAGAGCTAGAAATAGCAAGTTAAAATAAGGC